station	revision	QoS	longitude	code	latitude
Barra dos Coqueiros	2020-02-07	maintenance	-37.03861	BR	-10.90889
Tyoply Stan	09/13/2018, 00:00:00	excellent	37.49338	RU	55.62047
Leland	2019-07-09	excellent	-78.04471	US	34.25628
Hermsdorf	15 Mar 2022	excellent	13.31783	DE	52.61131
Ulan Bator	12/26/2016, 00:00:00	maintenance	106.88324	MN	47.90771
Debre Tabor	02/01/2018, 00:00:00	maintenance	38.01667	ET	11.85
San Rafael	17 Jan 2016	accep	-84.13722	CR	9.92787
Sheoganj	03/29/2014, 00:00:00	average	73.06784	IN	25.13915
Gaziantep	2014/08/03	accep	37.3825	TR	37.05944
Madhipura	2020-06-14	building	86.79271	IN	25.92127
Santa Cruz de Barahona	11 Mar 2013	accep	-71.10077	DO	18.20854
Smolyan	2022/06/09	building	24.71204	BG	41.57439
Carlos Barbosa	12 Jul 2013	average	-51.50361	BR	-29.2975
Port Huron	02 Jun 2014	excellent	-82.42491	US	42.97086
Deltona	2015-12-19	excellent	-81.26367	US	28.90054
Adra	02/01/2013, 00:00:00	accep	86.68363	IN	23.49668
Stupino	2017/09/11	maintenance	38.07083	RU	54.90083
Periyakulam	2014-02-01	good	77.54372	IN	10.12268
Bourbonnais	05/09/2018, 00:00:00	accep	-87.88754	US	41.15376
Progreso	07/08/2017, 00:00:00	accep	-89.66123	MX	21.28306
Massapequa	08 Mar 2016	excellent	-73.47429	US	40.68066
Pingyi	02/25/2014, 00:00:00	average	117.63083	CN	35.50056
Negotin	24 Apr 2013	average	22.53083	RS	44.22639
Bhuban	03 Sep 2020	accep	85.83334	IN	20.88197
Morningside Heights	2015-06-16	good	-73.9625	US	40.81
Ambatondrazaka	2017-03-12	average	48.41667	MG	-17.83333
Rudolstadt	2022/02/28	maintenance	11.34046	DE	50.72043
Eppingen	05/30/2018, 00:00:00	excellent	8.91229	DE	49.13645
Dobrush	08/08/2014, 00:00:00	good	31.3237	BY	52.4089
Hlohovec	2014/06/04	average	17.8031	SK	48.43174
Huangshi	04/20/2015, 00:00:00	accep	115.04814	CN	30.24706
Sirsi	05/22/2014, 00:00:00	excellent	74.83554	IN	14.62072
Gero	08/13/2020, 00:00:00	accep	137.23333	JP	35.8
Baliuag	08/14/2020, 00:00:00	good	120.89694	PH	14.95472
Ataq	2021-07-04	maintenance	46.83187	YE	14.53767
Gorakhpur	20 Dec 2013	excellent	83.36889	IN	26.76628
Perth	04/30/2021, 00:00:00	excellent	115.8614	AU	-31.95224
Qazax	2017-12-13	average	45.36561	AZ	41.09246
Mianwali	01/17/2016, 00:00:00	excellent	71.52847	PK	32.57756
Nizhniy Lomov	2020-03-12	average	43.67663	RU	53.53041
Kensington	2016/03/19	excellent	-73.97069	US	40.64621
Burgos	2015-04-20	good	120.57224	PH	15.72892
Kantharalak	15 Apr 2017	average	104.64992	TH	14.64056
Split	2014/07/21	maintenance	16.43915	HR	43.50891
Vestavia Hills	2013/12/16	excellent	-86.78777	US	33.44872
Devizes	11/26/2012, 00:00:00	building	-1.99421	GB	51.35084
Sherwood Park	2017/02/16	excellent	-113.3187	CA	53.51684
Port Huron	2013/11/23	excellent	-82.42491	US	42.97086
Olupona	2013-12-30	average	4.18333	NG	7.6
Indio	12/23/2018, 00:00:00	accep	-116.21677	US	33.7207
Corralillo	2019/06/15	excellent	-80.58556	CU	22.98212
Ajdabiya	11 Dec 2014	excellent	20.22625	LY	30.75545
Puerto Colombia	2022-03-27	good	-74.95472	CO	10.98778
Bretten	01 Nov 2020	average	8.70745	DE	49.03685
Altamira	2017/09/29	accep	-52.20639	BR	-3.20333
Isfahan	2019-07-07	average	51.67462	IR	32.65246
Ulu Tiram	01/30/2014, 00:00:00	average	103.81667	MY	1.6
Pingyi	2015-10-10	excellent	117.63083	CN	35.50056
Lower West Side	05/09/2014, 00:00:00	accep	-87.66561	US	41.8542
Lille	2020/07/24	good	4.82313	BE	51.24197
Porterville	06/23/2022, 00:00:00	average	-119.01677	US	36.06523
Acaponeta	07/07/2014, 00:00:00	average	-105.36369	MX	22.49396
Jaworzno	15 Aug 2015	accep	19.27498	PL	50.20528
Porto Velho	2015-06-12	excellent	-63.90389	BR	-8.76194
Ksar Chellala	2017-03-24	excellent	2.31889	DZ	35.21222
Serinhisar	07/04/2016, 00:00:00	good	29.26639	TR	37.58105
Media Luna	14 Oct 2014	maintenance	-77.43532	CU	20.14298
Narva	09/12/2022, 00:00:00	maintenance	28.19028	EE	59.37722
Svatove	12/31/2015, 00:00:00	accep	38.15035	UA	49.41029
Columbia Heights	07 Jul 2015	average	-93.263	US	45.0408
Yablonovskiy	2021/05/08	good	38.94324	RU	44.98901
Mitry-Mory	2014-12-12	good	2.61667	FR	48.98333
Maliana	2019-04-19	maintenance	125.21972	TL	-8.99167
Strood	05/08/2013, 00:00:00	accep	0.47713	GB	51.39323
Keene	2016/06/15	building	-72.27814	US	42.93369
Claremont	2014-10-12	building	-117.71978	US	34.09668
Sorsogon	28 Jun 2022	excellent	123.99333	PH	12.97389
Pedro II	25 Jul 2019	accep	-41.45861	BR	-4.42472
Teghra	19 Oct 2021	accep	85.94001	IN	25.49043
Annaka	03/25/2015, 00:00:00	building	138.89585	JP	36.33011
Rolla	07 Apr 2013	good	-91.77127	US	37.95143
Tyoply Stan	28 Feb 2014	building	37.49338	RU	55.62047
New Kingston	2021/04/15	good	-76.78319	JM	18.00747
New City	2021/02/20	good	-87.65644	US	41.80753
Juhaynah	03 Dec 2018	maintenance	31.4976	EG	26.67319
East Dereham	05/15/2013, 00:00:00	average	0.93333	GB	52.68333
Shalqar	12/29/2020, 00:00:00	accep	59.6	KZ	47.83333
Barinas	2020-08-10	accep	-70.20749	VE	8.62261
Bourbonnais	06/12/2013, 00:00:00	good	-87.88754	US	41.15376
Zacoalco de Torres	2017-05-24	maintenance	-103.5687	MX	20.22816
Jaruco	2019/03/11	building	-82.00919	CU	23.04419
Tarkwa	2018-12-03	maintenance	-1.98956	GH	5.30383
Carlos Barbosa	2017-08-14	average	-51.50361	BR	-29.2975
Montana	2021/10/25	good	23.225	BG	43.4125
Pune	2014-11-25	excellent	73.85535	IN	18.51957
Davis	05/10/2013, 00:00:00	accep	-121.74052	US	38.54491
Marburg an der Lahn	25 May 2018	average	8.77069	DE	50.80904
Usagara	2018/05/02	average	33	TZ	-2.68333
Ukmerge	08/30/2021, 00:00:00	maintenance	24.75	LT	55.25
Zvenihorodka	2019/07/22	good	30.96755	UA	49.07866
Cuenca	2021/02/26	accep	-79.00453	EC	-2.90055
Kent	08/12/2017, 00:00:00	average	-122.23484	US	47.38093
Serinhisar	2017/11/04	accep	29.26639	TR	37.58105
Thomasville	2021-12-08	maintenance	-80.08199	US	35.88264
Oktyabr‚Äôskiy	03/06/2015, 00:00:00	average	53.47103	RU	54.48147
Kirchlengern	10/31/2020, 00:00:00	maintenance	8.63333	DE	52.2
Kireyevsk	2020-07-01	average	37.92792	RU	53.93361
Lal Bahadur Nagar	2022-02-08	excellent	78.55757	IN	17.34769
Baza	2015-12-05	excellent	-2.77259	ES	37.49073
Naga	05/17/2014, 00:00:00	good	123.758	PH	10.20898
Strood	06/26/2014, 00:00:00	average	0.47713	GB	51.39323
Hutto	2015-08-12	average	-97.54667	US	30.5427
Kampung Ayer Molek	10/03/2012, 00:00:00	good	102.3278	MY	2.2139
Bryn Mawr-Skyway	2014/02/04	good	-122.24092	US	47.4943
Parkent	08/30/2020, 00:00:00	average	69.67639	UZ	41.29444
Falconara Marittima	06/19/2018, 00:00:00	average	13.39954	IT	43.62558
Hlukhiv	23 Mar 2019	accep	33.9162	UA	51.67822
Pameungpeuk	06/30/2015, 00:00:00	average	107.60389	ID	-7.01833
Tucano	2017-08-27	good	-38.79084	BR	-10.95817
Barracas	2014/01/20	maintenance	-58.38341	AR	-34.64966
Lesosibirsk	2022-05-08	accep	92.48278	RU	58.23583
Bisceglie	2019/03/02	good	16.50104	IT	41.24264
Beaumont	2017-07-30	good	-116.97725	US	33.92946
Kediri	26 Jul 2018	good	112.01667	ID	-7.81667
Massapequa	05 Oct 2020	accep	-73.47429	US	40.68066
Saint-Omer	19 Nov 2013	accep	2.25	FR	50.75
Ngemplak	09/27/2019, 00:00:00	good	110.71639	ID	-7.54972
Cordenons	2021-01-01	building	12.70038	IT	45.9836
Kamina	03 Feb 2013	excellent	24.99798	CD	-8.73508
Sillanwali	2014-07-22	accep	72.54064	PK	31.82539
Haicheng	2018/06/10	excellent	122.74754	CN	40.85158
Baza	2021-03-15	average	-2.77259	ES	37.49073
Palestine	06 Aug 2019	average	-95.63079	US	31.76212
Moga	07 Jan 2016	excellent	75.16878	IN	30.81383
Malakhovka	04 Feb 2013	accep	38.02486	RU	55.64776
Myawadi	08/05/2022, 00:00:00	good	98.50893	MM	16.68911
Mampong	2015-10-25	accep	-1.4001	GH	7.06273
Middletown	21 Jun 2022	accep	-71.29144	US	41.54566
Soledade	29 May 2013	excellent	-52.51028	BR	-28.81833
Sicklerville	2014/11/14	good	-74.96933	US	39.71734
Parola	2021/04/16	accep	75.11937	IN	20.88098
Nayoro	2016/02/14	average	142.45778	JP	44.35056
Yauco	2021/12/22	accep	-66.8499	PR	18.03496
Keizer	2019-03-27	accep	-123.02621	US	44.99012
Yasothon	2014-10-03	good	104.1451	TH	15.79408
Vitebsk	09/28/2020, 00:00:00	average	30.2049	BY	55.1904
Baulkham Hills	08/04/2018, 00:00:00	building	150.99292	AU	-33.75881
Sarandi	2014-06-10	good	-51.87389	BR	-23.44361
Beni Khiar	2013/12/01	maintenance	10.78222	TN	36.46917
La Garenne-Colombes	2019-05-10	building	2.2469	FR	48.90472
Lower Earley	2017-06-30	accep	-0.91979	GB	51.42708
Leioa	2019-01-12	good	-2.98884	ES	43.32686
Eisen	2021/04/10	excellent	128.63083	KR	36.82167
Damnoen Saduak	03/27/2016, 00:00:00	accep	99.95469	TH	13.51825
Strzelce Opolskie	2020/04/03	accep	18.30056	PL	50.5107
Maasin	21 Feb 2019	maintenance	124.84472	PH	10.13361
Falconara Marittima	02 Mar 2018	excellent	13.39954	IT	43.62558
Harstad	07 Apr 2021	accep	16.54165	NO	68.79833
Brierley Hill	04/14/2015, 00:00:00	average	-2.12139	GB	52.48173
Gifhorn	30 Jun 2017	maintenance	10.5511	DE	52.47774
Durazno	2018/01/03	accep	-56.52361	UY	-33.38056
Hita	2013/03/02	good	130.94098	JP	33.3213
Veracruz	05/02/2019, 00:00:00	accep	-79.62603	PA	8.88988
Ehingen	26 Jul 2017	good	9.72749	DE	48.28259
Norco	04/01/2021, 00:00:00	excellent	-117.54866	US	33.93113
Gudermes	2022/03/01	good	46.10925	RU	43.35071
Southsea	2018-05-15	excellent	-1.08593	GB	50.79205
La Garenne-Colombes	05/09/2014, 00:00:00	accep	2.2469	FR	48.90472
Les Olives	2022-04-23	good	5.4584	FR	43.32393
Zhoucun	18 Aug 2015	accep	117.81667	CN	36.81667
High Wycombe	2013/06/09	average	-0.74934	GB	51.62907
Farafenni	29 Nov 2017	maintenance	-15.6	GM	13.56667
Mouscron	2013/10/26	good	3.20639	BE	50.74497
Leyland	2021-12-21	excellent	-2.68758	GB	53.69786
Andijon	2013-12-12	excellent	72.34424	UZ	40.78206
Walsrode	18 Oct 2018	excellent	9.5926	DE	52.86147
Viradouro	29 Aug 2014	accep	-48.29694	BR	-20.87306
Albufeira	01/04/2019, 00:00:00	accep	-8.2503	PT	37.08819
Ilopango	2019/02/16	average	-89.10944	SV	13.70167
Pekanbaru	21 Oct 2016	excellent	101.44167	ID	0.51667
Hardenberg	2020-08-30	accep	6.61944	NL	52.57583
Alwaye	14 Oct 2013	building	76.35484	IN	10.10649
Kafanchan	2018-11-12	building	8.2926	NG	9.58126
Esperanza	08/21/2015, 00:00:00	average	-60.93173	AR	-31.4488
Aracaju	2016-05-06	average	-37.07167	BR	-10.91111
Ragusa	22 Aug 2021	excellent	14.72443	IT	36.92574
Mount Hagen	2012/12/03	good	144.23058	PG	-5.85746
Yunguyo	11/29/2014, 00:00:00	maintenance	-69.08333	PE	-16.25
Voznesensk	2017-09-16	average	31.33078	UA	47.56494
Yasothon	2019/02/08	accep	104.1451	TH	15.79408
Larkana	21 May 2017	average	68.21204	PK	27.55898
Olupona	22 May 2015	average	4.18333	NG	7.6
T‚Äôaebaek	14 Jan 2016	average	128.9889	KR	37.1759
Francavilla Fontana	07/26/2021, 00:00:00	average	17.58522	IT	40.53123
T‚Äôaebaek	10/06/2020, 00:00:00	average	128.9889	KR	37.1759
Frederiksberg	17 Mar 2020	average	12.53463	DK	55.67938
Novopavlovsk	02/06/2020, 00:00:00	accep	43.63417	RU	43.96222
Zaozhuang	2014-09-21	average	117.55417	CN	34.86472
Lille	2017-11-30	accep	4.82313	BE	51.24197
Bhit Shah	2014/09/29	good	68.49143	PK	25.80565
Rhosllanerchrugog	2017-08-27	good	-3.05814	GB	53.00974
Hendala	2017-02-10	average	79.883	LK	6.9909
Mouscron	2018/08/11	good	3.20639	BE	50.74497
Saint-Genis-Laval	2013/07/02	maintenance	4.7934	FR	45.69558
Copperas Cove	08 Nov 2012	excellent	-97.90308	US	31.12406
Lakewood	14 Apr 2019	excellent	-81.79819	US	41.48199
Zhoucun	06/19/2015, 00:00:00	excellent	117.81667	CN	36.81667
Karlovy Vary	2017/10/18	excellent	12.87117	CZ	50.23271
Laiwu	2014-01-06	good	117.65694	CN	36.19278
Goyang-si	10/11/2017, 00:00:00	average	126.835	KR	37.65639
Amposta	2013-12-23	excellent	0.57856	ES	40.70995
Naro-Fominsk	04/17/2021, 00:00:00	maintenance	36.73307	RU	55.38752
Carnaxide	10/18/2014, 00:00:00	building	-9.24671	PT	38.72706
Troutdale	2022/04/26	good	-122.38731	US	45.53929
Solntsevo	2015-06-15	average	37.38115	RU	55.63711
Rosemount	01/24/2017, 00:00:00	good	-93.12577	US	44.73941
Sathyamangalam	2016/12/04	good	77.23826	IN	11.50526
les Escaldes	2015/11/29	good	1.53414	AD	42.50729
Carnegie	2022-05-13	good	145.06667	AU	-37.88333
Stockbridge	2019-01-15	excellent	-84.23381	US	33.54428
Stuttgart	2013-12-18	average	9.17702	DE	48.78232
Peabody	11/12/2014, 00:00:00	maintenance	-70.92866	US	42.52787
Sankt Peter	2012-10-06	good	15.46667	AT	47.05
Brentwood Estates	2017-07-05	good	-86.77917	US	36.02506
Soledade	2016/07/01	building	-52.51028	BR	-28.81833
Denderleeuw	12/18/2018, 00:00:00	excellent	4.07601	BE	50.88506
Same	12/19/2015, 00:00:00	average	37.73333	TZ	-4.06667
Abilene	02 Apr 2021	good	-99.73314	US	32.44874
Gero	2014-06-26	accep	137.23333	JP	35.8
Laguna Niguel	2018/11/06	average	-117.70755	US	33.52253
Dublin	2021/10/26	good	-82.90375	US	32.54044
Viradouro	2022-09-05	excellent	-48.29694	BR	-20.87306
Haicheng	2014-05-31	good	122.74754	CN	40.85158
Dublin	08/05/2017, 00:00:00	good	-82.90375	US	32.54044
Tupi	2017-01-28	excellent	124.95278	PH	6.33444
Iwade	10/30/2020, 00:00:00	excellent	135.31667	JP	34.25
Naushahra Virkan	2017-02-17	good	73.97117	PK	31.96258
Qadirpur Ran	2019/02/06	average	71.67164	PK	30.29184
Saraj	2021/03/25	excellent	21.32778	MK	42
les Escaldes	2019-02-26	average	1.53414	AD	42.50729
Wevelgem	2017-11-24	good	3.16667	BE	50.8
Middle River	2016-10-14	good	-76.43941	US	39.33427
Suzaka	2021-05-28	building	138.31667	JP	36.65
Paoy Paet	01/15/2018, 00:00:00	accep	102.56365	KH	13.65805
Boston	2021/08/18	accep	-71.05977	US	42.35843
Kot Addu	07/18/2014, 00:00:00	excellent	70.96699	PK	30.46907
El Achir	09 May 2021	average	4.62744	DZ	36.06386
Inawashiro	01/26/2018, 00:00:00	accep	140.11667	JP	37.56667
Tianfu	02 Nov 2014	good	122.05228	CN	37.19723
Penzance	03/31/2016, 00:00:00	excellent	-5.53715	GB	50.11861
Somma Vesuviana	21 May 2015	accep	14.43865	IT	40.87329
Alipur	2021-02-10	average	70.91106	PK	29.38242
Strathfield	2022/07/27	good	151.07986	AU	-33.88096
Edremit	08 Dec 2015	average	27.02444	TR	39.59611
Longview	02 Sep 2016	good	-94.74049	US	32.5007
Smolyan	2021-06-18	excellent	24.71204	BG	41.57439
Adra	2018/04/08	excellent	86.68363	IN	23.49668
Shepetivka	04/12/2021, 00:00:00	average	27.06365	UA	50.18545
Alipur	2018/05/18	good	70.91106	PK	29.38242
Strzelce Opolskie	03/21/2020, 00:00:00	average	18.30056	PL	50.5107
Dehiwala-Mount Lavinia	2021/07/27	accep	79.87116	LK	6.84019
Oldenzaal	2016/03/09	accep	6.92917	NL	52.31333
Kantharalak	12/24/2017, 00:00:00	excellent	104.64992	TH	14.64056
Mount Hagen	17 Nov 2015	good	144.23058	PG	-5.85746
Tonota	02 Dec 2014	building	27.46153	BW	-21.44236
Alipur	2013/07/20	maintenance	70.91106	PK	29.38242
Karatsu	08 Nov 2014	accep	129.96972	JP	33.4425
Glogovac	06 Sep 2017	good	20.89389	XK	42.62833
Toba	10/04/2020, 00:00:00	building	136.84186	JP	34.4833
Yablonovskiy	2022/01/22	excellent	38.94324	RU	44.98901
Siliana	2022-01-07	excellent	9.37082	TN	36.08497
Brentwood Estates	2015-09-09	good	-86.77917	US	36.02506
Tarakan	2014-04-18	average	117.59152	ID	3.31332
Ishim	2012-12-06	excellent	69.49015	RU	56.11281
Rangia	18 Dec 2013	good	91.61356	IN	26.44931
Udumalaippettai	09/03/2018, 00:00:00	average	77.24779	IN	10.58806
Brazzaville	11 Apr 2014	good	15.28318	CG	-4.26613
Stockbridge	2016-07-12	good	-84.23381	US	33.54428
Lower West Side	2012/10/17	maintenance	-87.66561	US	41.8542
Shagamu	2019-11-09	excellent	3.64633	NG	6.8485
Gingee	11/29/2012, 00:00:00	accep	79.41727	IN	12.25282
Markham	11/26/2012, 00:00:00	average	-79.2663	CA	43.86682
Santa Rosa Jauregui	30 Sep 2012	good	-100.44843	MX	20.74122
Nampa	2018/08/31	acceptable	-116.56346	US	43.54072
Aurora	10 Apr 2017	excellent	-104.83192	US	39.72943
Wacheng	13 Apr 2015	excellent	114.51667	CN	33.78333
Chosica	2018-05-04	excellent	-76.70944	PE	-11.94306
Mbalmayo	03 May 2017	building	11.5	CM	3.51667
Rwamagana	10 Nov 2019	average	30.4347	RW	-1.9487
Brierley Hill	2017/12/23	maintenance	-2.12139	GB	52.48173
Kot Addu	2014-07-29	excellent	70.96699	PK	30.46907
Weimar	07/16/2019, 00:00:00	average	11.32903	DE	50.9803
Sillanwali	2021-06-05	average	72.54064	PK	31.82539
Barneveld	2014-03-24	average	5.58472	NL	52.14
Sterling	02/03/2013, 00:00:00	excellent	-77.4286	US	39.00622
Gajendragarh	22 Nov 2021	excellent	75.96976	IN	15.73628
Marly-le-Roi	01/28/2022, 00:00:00	good	2.08333	FR	48.86667
Gernika-Lumo	2012/10/11	good	-2.68333	ES	43.31667
Biu	2020-12-02	accep	12.19458	NG	10.61285
Dax	30 Jan 2013	accep	-1.05366	FR	43.71032
San Juan	07/26/2016, 00:00:00	excellent	-98.15529	US	26.18924
Chacabuco	2012-11-04	excellent	-60.47389	AR	-34.64167
Nowshahr	2020/01/31	accep	51.49621	IR	36.64852
Licheng	08/03/2013, 00:00:00	accep	113.82465	CN	23.29549
Nova Xavantina	2016-05-20	good	-52.35558	BR	-14.66463
Yashkino	2020-09-27	maintenance	85.4265	RU	55.8736
Bijeljina	2022-07-09	accep	19.21437	BA	44.75874
Bad Segeberg	16 Aug 2016	excellent	10.30215	DE	53.94313
Bua Yai	2013/07/06	good	102.42587	TH	15.58552
Pameungpeuk	2019/12/02	excellent	107.60389	ID	-7.01833
Iturama	2022-07-06	excellent	-50.19556	BR	-19.72806
Hakodate	2019/12/22	average	140.73667	JP	41.77583
Teziutlan	30 Jul 2019	accep	-97.35992	MX	19.8173
Sinhyeon	02/11/2014, 00:00:00	excellent	128.62667	KR	34.8825
Zhoucun	2019-12-24	good	117.81667	CN	36.81667
Somma Vesuviana	04 Jul 2016	accep	14.43865	IT	40.87329
Periyakulam	09/02/2014, 00:00:00	good	77.54372	IN	10.12268
Lancing	16 Mar 2019	accep	-0.32247	GB	50.82882
Yunguyo	20 Jan 2016	good	-69.08333	PE	-16.25
Kensington	2019-02-15	good	-73.97069	US	40.64621
Taunton	2013-08-29	accep	-71.08977	US	41.9001
Pamiers	2019/05/06	good	1.6	FR	43.11667
Gainesville	12/15/2013, 00:00:00	good	-82.32483	US	29.65163
Shagamu	2015-10-06	average	3.64633	NG	6.8485
Ramla	2012/11/24	average	34.86563	IL	31.92923
Oulmes	07/23/2013, 00:00:00	good	-6.00137	MA	33.42585
Valletta	10 May 2019	excellent	14.51472	MT	35.89972
Lancing	31 Dec 2015	average	-0.32247	GB	50.82882
Jizzax	11 Jul 2017	average	67.84222	UZ	40.11583
Stupino	12/02/2019, 00:00:00	average	38.07083	RU	54.90083
Progreso	2020-03-26	average	-89.66123	MX	21.28306
Arua	2022-03-14	good	30.91105	UG	3.02013
Daud Khel	2018-08-17	good	71.57118	PK	32.87533
Iquitos	12/21/2012, 00:00:00	accep	-73.25383	PE	-3.74912
Licheng	2021-03-09	building	113.82465	CN	23.29549
Frankston South	2018/08/03	good	145.13643	AU	-38.16604
Toyokawa	08/01/2022, 00:00:00	excellent	137.4	JP	34.81667
Eppingen	2013-06-30	accep	8.91229	DE	49.13645
Nakhon Pathom	04 Dec 2019	maintenance	100.04427	TH	13.8196
Nizhniy Lomov	04 May 2019	excellent	43.67663	RU	53.53041
Kingston upon Hull	2021-11-22	building	-0.33525	GB	53.7446
Madhipura	10/31/2015, 00:00:00	good	86.79271	IN	25.92127
Calangute	12 Jun 2016	excellent	73.7553	IN	15.5439
Dyat‚Äôkovo	2020/04/02	good	34.33825	RU	53.59782
San Carlos	16 Mar 2013	maintenance	-75.69947	CO	8.79577
Bon Air	2017/02/17	excellent	-77.55777	US	37.52487
Yao	2021-12-26	good	135.6	JP	34.61667
Vienne	03/10/2016, 00:00:00	excellent	4.86667	FR	45.51667
Polohy	14 Sep 2015	accep	36.25361	UA	47.48444
Brazzaville	2016-10-18	accep	15.28318	CG	-4.26613
Belle Glade	15 Mar 2014	excellent	-80.66756	US	26.68451
Igbara-Odo	06/29/2022, 00:00:00	accep	5.06258	NG	7.50251
Chillum	2013-06-19	building	-76.99081	US	38.96372
Taozhuang	2018-08-15	excellent	117.33333	CN	34.85
Naga	2013/06/30	accep	123.758	PH	10.20898
Ilopango	23 Apr 2021	accep	-89.10944	SV	13.70167
Cavaillon	12 Jan 2019	average	5.03586	FR	43.83125
Mudanya	2022/07/24	good	28.88222	TR	40.37528
Beaconsfield	06/04/2014, 00:00:00	excellent	-73.86586	CA	45.43341
Yangambi	14 May 2018	good	24.43973	CD	0.76755
New City	31 Dec 2014	average	-87.65644	US	41.80753
Catania	2021/10/04	building	15.07041	IT	37.49223
Villa del Rosario	2014/11/01	average	-72.47417	CO	7.83389
La Trinidad	20 Jul 2013	average	120.5875	PH	16.455
Barmbek-Nord	2022-09-03	building	10.03988	DE	53.6052
An Muileann gCearr	2013/03/29	maintenance	-7.35	IE	53.53333
Burscheid	07 Aug 2019	maintenance	7.11393	DE	51.08468
Dongdu	06/20/2021, 00:00:00	building	117.7	CN	35.85
Nyahururu	01/12/2021, 00:00:00	good	36.36339	KE	0.03813
Chiavari	07/22/2020, 00:00:00	accep	9.32241	IT	44.31771
Greenville	07/25/2018, 00:00:00	maintenance	-91.06177	US	33.41012
Acaponeta	2018-08-23	accep	-105.36369	MX	22.49396
Antipolo	2013-10-02	excellent	121.12251	PH	14.62578
Bergama	03 Sep 2016	maintenance	27.18052	TR	39.12074
Ueno-ebisumachi	2017/11/20	building	136.13108	JP	34.75856
Karben	05/18/2022, 00:00:00	excellent	8.77155	DE	50.23019
Ozersk	22 Apr 2019	acceptable	60.70278	RU	55.75556
Talipparamba	2012/10/09	average	75.35927	IN	12.04161
Croix-des-Bouquets	2018/08/20	average	-72.22625	HT	18.57677
Mianwali	26 Aug 2017	accep	71.52847	PK	32.57756
Canavieiras	2017/02/23	maintenance	-38.94722	BR	-15.675
Canavieiras	01/06/2013, 00:00:00	building	-38.94722	BR	-15.675
Iringa	2016-01-18	good	35.7	TZ	-7.76667
Ilesa	2015/06/18	excellent	4.74161	NG	7.62789
Jocotepec	04 Jul 2018	excellent	-103.42897	MX	20.28527
Gandia	06/12/2020, 00:00:00	accep	-0.18333	ES	38.96667
Cuenca	14 May 2017	accep	-79.00453	EC	-2.90055
Ambatondrazaka	08/27/2019, 00:00:00	excellent	48.41667	MG	-17.83333
Balikpapan	2016-11-03	excellent	116.82887	ID	-1.26753
Meizhou	01/03/2022, 00:00:00	building	116.11768	CN	24.28859
Jhol	2018-02-13	average	68.88871	PK	25.95533
San Lorenzo Acopilco	04 Jun 2016	average	-99.32556	MX	19.32889
Jizzax	2018-08-30	good	67.84222	UZ	40.11583
Sankt Peter	2013-07-09	average	15.46667	AT	47.05
Tyoply Stan	06/10/2021, 00:00:00	excellent	37.49338	RU	55.62047
Greenpoint	2017/02/19	average	-73.95097	US	40.72371
Montpellier	23 Mar 2019	accep	3.87723	FR	43.61092
Rio Real	2016/11/20	average	-37.93278	BR	-11.48472
Bron	07/17/2018, 00:00:00	good	4.91667	FR	45.73333
Hermsdorf	2018/08/19	average	13.31783	DE	52.61131
Contla	2013/03/23	maintenance	-98.1664	MX	19.32932
Gronau	2014-05-31	excellent	7.02238	DE	52.21099
Gudermes	2019-12-16	average	46.10925	RU	43.35071
Fairview Heights	10 Aug 2014	building	-89.99038	US	38.58894
Sun City Center	2021-08-04	excellent	-82.35176	US	27.71809
Nakhon Si Thammarat	10/24/2019, 00:00:00	excellent	99.96667	TH	8.43333
Mbalmayo	11/22/2018, 00:00:00	excellent	11.5	CM	3.51667
Tonga	2017-09-30	maitennce	10.7	CM	4.96667
Jaruco	07/28/2018, 00:00:00	good	-82.00919	CU	23.04419
Barnet	08 Jan 2021	good	-0.2	GB	51.65
Sremska Mitrovica	2020-03-08	average	19.61222	RS	44.97639
Surbiton	2019/01/23	building	-0.29825	GB	51.39148
Yamada	05/30/2022, 00:00:00	excellent	141.95	JP	39.46667
Yingkou	05/06/2021, 00:00:00	average	122.22833	CN	40.66482
Motomachi	2020-05-14	excellent	144.09638	JP	43.82634
Bhuban	27 Apr 2020	maintenance	85.83334	IN	20.88197
Hoogezand	09 Mar 2017	average	6.76111	NL	53.16167
Columbia Heights	19 Nov 2012	good	-93.263	US	45.0408
Longview	2017-07-20	average	-94.74049	US	32.5007
Novelda	2020-08-15	good	-0.76773	ES	38.38479
Bordj Zemoura	2021/06/21	excellent	4.85668	DZ	36.27462
Watsonville	05/27/2019, 00:00:00	average	-121.75689	US	36.91023
Riverbank	2013-11-05	good	-120.93549	US	37.73604
Antipolo	2016/05/11	excellent	121.12251	PH	14.62578
Bron	06/23/2022, 00:00:00	accep	4.91667	FR	45.73333
Gronau	05/05/2019, 00:00:00	average	7.02238	DE	52.21099
Amreli	2021-09-12	good	71.21169	IN	21.59983
Acayucan	2013-04-14	excellent	-94.91386	MX	17.94979
Moga	26 Jan 2021	building	75.16878	IN	30.81383
Schererville	2013-03-11	accep	-87.45476	US	41.47892
Sar-e Pul	2015-04-19	average	65.93249	AF	36.21544
Huangshi	03/03/2019, 00:00:00	good	115.04814	CN	30.24706
Hongseong	11/03/2013, 00:00:00	excellent	126.665	KR	36.6009
Dombivli	27 Mar 2015	accep	73.08333	IN	19.21667
Kasangulu	03 Mar 2017	good	15.16554	CD	-4.5833
Pottstown	2015-10-21	accep	-75.64963	US	40.24537
Arles	2018-09-23	excellent	4.63031	FR	43.67681
Arba Minch	2019/04/14	building	37.55	ET	6.03333
Durazno	2018-01-29	acceptable	-56.52361	UY	-33.38056
Majene	10/17/2021, 00:00:00	average	118.9707	ID	-3.5403
Same	2013/04/01	accep	37.73333	TZ	-4.06667
Penzance	07/04/2022, 00:00:00	average	-5.53715	GB	50.11861
Houthalen	02/12/2018, 00:00:00	accep	5.37429	BE	51.03427
Pamiers	18 Oct 2016	good	1.6	FR	43.11667
Bretten	04 Dec 2015	maintenance	8.70745	DE	49.03685
Kafanchan	2016-07-05	excellent	8.2926	NG	9.58126
Yamada	2021-08-30	accep	141.95	JP	39.46667
Haldwani	07/27/2022, 00:00:00	accep	79.5286	IN	29.22254
Shahre Jadide Andisheh	05 Sep 2022	good	51.0193	IR	35.6803
Yablonovskiy	11/25/2020, 00:00:00	average	38.94324	RU	44.98901
Cibinong	2019/02/12	excellent	106.85417	ID	-6.48167
Alexandria	21 Feb 2019	average	29.91582	EG	31.20176
Wacheng	2021-10-08	building	114.51667	CN	33.78333
Pottstown	2014/08/22	good	-75.64963	US	40.24537
Wangon	13 Aug 2019	accep	109.05389	ID	-7.51611
Dongfeng	2022/06/30	excellent	125.51176	CN	42.64031
Montpellier	07/15/2013, 00:00:00	good	3.87723	FR	43.61092
Vahdat	2021-09-29	good	69.01354	TJ	38.55632
Alwaye	2020/01/09	excellent	76.35484	IN	10.10649
Custoias	01/03/2021, 00:00:00	excellent	-7.32097	PT	41.1053
Alatyr‚Äô	25 Nov 2017	good	46.5813	RU	54.8421
Tonota	2013/12/19	maintenance	27.46153	BW	-21.44236
Ganei Tikva	2016/05/02	average	34.8732	IL	32.05971
Onex	2016-05-05	building	6.10237	CH	46.18396
Freetown	09/04/2014, 00:00:00	building	-13.2356	SL	8.48714
Madrid	2022-04-29	building	-74.26419	CO	4.73245
Bisceglie	2014/02/13	building	16.50104	IT	41.24264
Zhuangyuan	2018-09-14	accep	120.82747	CN	37.30553
Buri	15 Sep 2015	average	-48.59278	BR	-23.7975
Riverbank	23 Aug 2021	maintenance	-120.93549	US	37.73604
Caravaca	08/07/2017, 00:00:00	maintenance	-1.86343	ES	38.10558
Adra	2016/10/19	maintenance	86.68363	IN	23.49668
Encinitas	08/20/2016, 00:00:00	average	-117.29198	US	33.03699
Kolomyagi	04 Oct 2021	average	30.28491	RU	60.02427
Hueytown	08/16/2020, 00:00:00	accep	-86.99666	US	33.45122
Itacoatiara	06/02/2013, 00:00:00	good	-58.44417	BR	-3.14306
Hasilpur	02/20/2020, 00:00:00	excellent	72.54566	PK	29.69221
Aloha	31 Jan 2014	accep	-122.86705	US	45.49428
Rajaori	10 Jan 2015	maintenance	74.3092	IN	33.37526
Cardedeu	02/21/2014, 00:00:00	excellent	2.35739	ES	41.63976
Sheoganj	2014-06-28	excellent	73.06784	IN	25.13915
Buenaventura	07/15/2016, 00:00:00	good	-77.03116	CO	3.8801
Dawei	2018/01/11	accep	98.19151	MM	14.0823
Freetown	10/13/2018, 00:00:00	accep	-13.2356	SL	8.48714
Naushahra Virkan	10 May 2017	accep	73.97117	PK	31.96258
Bua Yai	2015/12/19	maintenance	102.42587	TH	15.58552
Tadmur	2016/02/08	building	38.28402	SY	34.5624
Palm Desert	07 May 2021	excellent	-116.37697	US	33.72255
Otradnyy	2019/06/21	maintenance	51.3452	RU	53.37596
Villaquilambre	2019/10/28	excellent	-5.55835	ES	42.64685
Boston	16 May 2017	excellent	-71.05977	US	42.35843
Aguadilla	2014/09/18	building	-67.15407	PR	18.42745
Greenpoint	2019-10-18	building	-73.95097	US	40.72371
Nutley	12/01/2016, 00:00:00	good	-74.15987	US	40.82232
Chichicastenango	01/12/2021, 00:00:00	good	-91.11667	GT	14.93333
Agrigento	07/25/2014, 00:00:00	average	13.57661	IT	37.31065
Bavly	06/24/2015, 00:00:00	good	53.26023	RU	54.39304
Ishim	2019-12-23	excellent	69.49015	RU	56.11281
Bobigny	2016/10/12	excellent	2.45012	FR	48.90982
Guaraciaba do Norte	31 Aug 2022	average	-40.7475	BR	-4.16694
Sathyamangalam	04/07/2016, 00:00:00	good	77.23826	IN	11.50526
San Gabriel	2013/11/02	good	-118.10583	US	34.09611
Teghra	17 Sep 2022	excellent	85.94001	IN	25.49043
Lancing	06/05/2021, 00:00:00	accep	-0.32247	GB	50.82882
Covington	26 Nov 2021	average	-84.50855	US	39.08367
Calangute	2016-12-18	excellent	73.7553	IN	15.5439
Tak Bai	03 Feb 2014	building	102.05461	TH	6.25947
Vryheid	2014/12/05	accep	30.79165	ZA	-27.76952
Kearns	04/23/2017, 00:00:00	average	-111.99633	US	40.65995
Idenao	03/21/2022, 00:00:00	average	9.00472	CM	4.2475
Brazzaville	2014-08-31	good	15.28318	CG	-4.26613
Dharmapuri	2021/12/05	average	78.15794	IN	12.1277
Norwalk	21 Jul 2014	accep	-82.61573	US	41.24255
Kediri	2014/10/30	maintenance	112.01667	ID	-7.81667
Culemborg	2017/03/29	building	5.22778	NL	51.955
Porto Velho	05 Dec 2017	maintenance	-63.90389	BR	-8.76194
Shaowu	2014/11/18	accep	117.4831	CN	27.34089
Baliuag	08 Sep 2016	average	120.89694	PH	14.95472
Mwandiga	04 May 2016	average	29.65806	TZ	-4.83
Schleswig	15 Jun 2014	good	9.5586	DE	54.52156
Gembloux	06 Jul 2021	maintenance	4.69889	BE	50.56149
Tarakan	03/02/2016, 00:00:00	accep	117.59152	ID	3.31332
Pujali	11/07/2018, 00:00:00	average	88.1453	IN	22.4711
Veracruz	12/31/2012, 00:00:00	accep	-79.62603	PA	8.88988
Miracema	10/10/2016, 00:00:00	accep	-42.19667	BR	-21.41222
Longview	2021-07-15	building	-94.74049	US	32.5007
Newbury	2022-01-02	average	-1.32471	GB	51.40148
Ovalle	2018-03-22	excellent	-71.19901	CL	-30.60106
Eastwood	2019-02-18	good	151.08057	AU	-33.79176
Kudus	24 Mar 2015	good	110.8405	ID	-6.8048
Parkent	11/12/2017, 00:00:00	accep	69.67639	UZ	41.29444
Sterling	2016/05/27	accep	-77.4286	US	39.00622
Darreh Shahr	2020/04/16	excellent	47.3799	IR	33.14447
T‚Äôaebaek	02/05/2021, 00:00:00	good	128.9889	KR	37.1759
Kudus	2018/10/25	good	110.8405	ID	-6.8048
Kulai	04 Sep 2019	excellent	103.6032	MY	1.6561
Tebingtinggi	2020/10/15	good	99.1625	ID	3.3285
Al Jubayl	2018/11/19	average	49.62251	SA	27.0174
Sremska Mitrovica	2017/01/21	average	19.61222	RS	44.97639
Vitebsk	2013-01-29	accep	30.2049	BY	55.1904
Carnot	2018-09-05	average	15.87735	CF	4.94273
Collinwood	28 Jul 2016	maintenance	-81.56929	US	41.55838
Leioa	01 Apr 2015	good	-2.98884	ES	43.32686
Norwalk	09/10/2013, 00:00:00	average	-82.61573	US	41.24255
Tupiza	12/25/2015, 00:00:00	good	-65.71875	BO	-21.44345
Malaut	2022/07/18	building	74.4818	IN	30.21121
Kheda	13 Apr 2018	average	72.68533	IN	22.75218
Shushary	2022/04/28	good	30.38167	RU	59.80917
Oberhausen	2022/03/16	good	6.8625	DE	51.47805
Namerikawa	2022-05-22	average	137.36215	JP	36.75965
Estelle	2019/09/20	maintenance	-90.10674	US	29.84576
San Juan de Aznalfarache	04/01/2021, 00:00:00	average	-6.03731	ES	37.35813
Inverness	2017/01/13	average	-4.22398	GB	57.47908
Zaozhuang	2019-02-10	good	117.55417	CN	34.86472
Phanat Nikhom	21 Dec 2018	good	101.18445	TH	13.44581
Carindale	25 Feb 2019	accep	153.10236	AU	-27.50578
Eppingen	04 Oct 2019	accep	8.91229	DE	49.13645
Inawashiro	2020/05/16	excellent	140.11667	JP	37.56667
Chanika	2022-06-11	accep	38.01667	TZ	-5.41667
Kirchlengern	05/22/2014, 00:00:00	excellent	8.63333	DE	52.2
Montecchio Maggiore-Alte Ceccato	03/10/2021, 00:00:00	accep	11.412	IT	45.50369
Argungu	2017-02-27	accep	4.52514	NG	12.74482
Lanciano	2015-07-12	average	14.39024	IT	42.22718
Saraj	17 Aug 2017	accep	21.32778	MK	42
Yasothon	06 May 2014	excellent	104.1451	TH	15.79408
Lymington	12 May 2021	good	-1.5443	GB	50.75767
Msaken	03/04/2016, 00:00:00	average	10.58082	TN	35.72917
Changshu City	2022/04/12	excellent	120.74221	CN	31.64615
Batu Feringgi	20 Apr 2016	accep	100.24529	MY	5.4709
West Chester	12/10/2019, 00:00:00	accep	-75.60804	US	39.96097
Gorakhpur	10/15/2015, 00:00:00	maintenance	83.36889	IN	26.76628
Rueil-Malmaison	09/22/2022, 00:00:00	accep	2.18967	FR	48.8765
Barmbek-Nord	09 Sep 2019	average	10.03988	DE	53.6052
Saint-Omer	04/18/2019, 00:00:00	maintenance	2.25	FR	50.75
Damnoen Saduak	2016/12/04	good	99.95469	TH	13.51825
Namerikawa	2020-12-04	excellent	137.36215	JP	36.75965
Hasilpur	21 Dec 2020	good	72.54566	PK	29.69221
Pato Branco	2018-09-26	excellent	-52.67056	BR	-26.22861
Frederiksberg	2016/07/11	excellent	12.53463	DK	55.67938
Kyaikto	12/20/2016, 00:00:00	good	97.01124	MM	17.30858
Soure	2014/04/05	building	-48.52333	BR	-0.71667
Acaponeta	2016/07/26	good	-105.36369	MX	22.49396
Rudolstadt	2014-03-31	good	11.34046	DE	50.72043
Bourbonnais	2014-10-06	excellent	-87.88754	US	41.15376
Tianfu	2018-06-23	average	122.05228	CN	37.19723
Nidderau	2019/06/02	average	8.86704	DE	50.23805
Tarakan	01 Jul 2017	accep	117.59152	ID	3.31332
Parola	2018/02/08	good	75.11937	IN	20.88098
Maryborough	2022-01-04	building	152.70493	AU	-25.54073
Kudus	02/01/2015, 00:00:00	accep	110.8405	ID	-6.8048
Front Royal	2021/07/18	excellent	-78.19444	US	38.91817
Baliuag	2015/05/12	good	120.89694	PH	14.95472
Front Royal	2014/12/18	excellent	-78.19444	US	38.91817
Guli	2012-12-26	excellent	120.03308	CN	28.88162
Marau	2017/01/27	good	-52.2	BR	-28.44917
Sirsi	03/20/2022, 00:00:00	excellent	74.83554	IN	14.62072
Trossingen	10/26/2020, 00:00:00	accep	8.64409	DE	48.07667
Hrazdan	2013-06-13	accep	44.7662	AM	40.49748
Rhosllanerchrugog	2013-11-22	accep	-3.05814	GB	53.00974
Riverbank	06/21/2018, 00:00:00	accep	-120.93549	US	37.73604
Kudus	08/12/2020, 00:00:00	average	110.8405	ID	-6.8048
Kamina	14 Sep 2015	maintenance	24.99798	CD	-8.73508
Gua Musang	2015/03/02	accep	101.96857	MY	4.88441
Boli	2021-10-09	excellent	130.57211	CN	45.75279
San Juan	25 Oct 2019	excellent	-98.15529	US	26.18924
San Rafael	2018/03/09	average	-84.13722	CR	9.92787
Novelda	04 Jul 2021	accep	-0.76773	ES	38.38479
Schleswig	2020/06/29	excellent	9.5586	DE	54.52156
Eppingen	12 Mar 2014	average	8.91229	DE	49.13645
Soledade	2017/02/02	good	-52.51028	BR	-28.81833
Tongelre	2018-07-07	excellent	5.51978	NL	51.44889
Nowra	2020/02/12	maintenance	150.60036	AU	-34.88422
Kangayam	07/01/2013, 00:00:00	good	77.5609	IN	11.00599
Santa Cruz de Barahona	06 Oct 2019	excellent	-71.10077	DO	18.20854
Lesosibirsk	19 Jan 2017	excellent	92.48278	RU	58.23583
Griffith	2022/08/11	accep	146.05093	AU	-34.28853
Burscheid	11/28/2014, 00:00:00	good	7.11393	DE	51.08468
Glendale	2022/07/04	accep	-118.25508	US	34.14251
Shepetivka	2022/04/22	excellent	27.06365	UA	50.18545
Oschatz	2017/01/03	excellent	13.10984	DE	51.30001
Cebu City	2022/08/06	good	123.89071	PH	10.31672
Socorro	2020/12/17	building	-73.26022	CO	6.46838
Ovalle	2020-07-26	good	-71.19901	CL	-30.60106
Gonesse	06/16/2018, 00:00:00	accep	2.44892	FR	48.98693
Sankt Peter	14 Sep 2016	average	15.46667	AT	47.05
Athlone	02 Aug 2019	excellent	-7.95	IE	53.43333
Kyzylorda	2013-11-24	accep	65.50917	KZ	44.85278
Port of Spain	2013/05/19	excellent	-61.51889	TT	10.66668
Rafiganj	2015-01-31	maintenance	84.63445	IN	24.81757
Gavrilov-Yam	28 Oct 2016	maintenance	39.85331	RU	57.30185
Greenpoint	05/06/2018, 00:00:00	maintenance	-73.95097	US	40.72371
Yunguyo	12/06/2016, 00:00:00	accep	-69.08333	PE	-16.25
Kachkanar	2014/12/03	average	59.4839	RU	58.7002
Tupiza	2016/02/02	excellent	-65.71875	BO	-21.44345
Searcy	2020-08-21	building	-91.73625	US	35.25064
Rosedale	2020/06/15	building	-76.51552	US	39.32011
Bryn Mawr-Skyway	10 Oct 2019	excellent	-122.24092	US	47.4943
Denderleeuw	2021/07/30	accep	4.07601	BE	50.88506
San Giuliano Milanese	09/25/2019, 00:00:00	average	9.29109	IT	45.39402
Bua Yai	2021/08/03	average	102.42587	TH	15.58552
Majene	09 Apr 2019	average	118.9707	ID	-3.5403
Rhosllanerchrugog	2019/08/07	accep	-3.05814	GB	53.00974
Usagara	2013-08-13	accep	33	TZ	-2.68333
Kensington	2016/04/06	accep	-73.97069	US	40.64621
Media Luna	17 May 2014	building	-77.43532	CU	20.14298
Manikchari	2021-06-15	excellent	91.84128	BD	22.83957
Bisceglie	2022/01/06	good	16.50104	IT	41.24264
Losser	08/22/2021, 00:00:00	maintenance	7.00417	NL	52.26083
Zhukovka	01/31/2014, 00:00:00	average	33.72798	RU	53.53395
Venice	04/30/2022, 00:00:00	excellent	-82.45426	US	27.09978
Ozersk	12 Mar 2022	accep	60.70278	RU	55.75556
Gero	2014-09-29	average	137.23333	JP	35.8
Smolyan	08/16/2016, 00:00:00	excellent	24.71204	BG	41.57439
An Muileann gCearr	19 Feb 2017	average	-7.35	IE	53.53333
Palm Desert	2014-03-26	average	-116.37697	US	33.72255
Athlone	2014-10-14	excellent	-7.95	IE	53.43333
Barinas	28 Oct 2016	average	-70.20749	VE	8.62261
Puducherry	09/16/2014, 00:00:00	excellent	79.82979	IN	11.93381
Debre Tabor	06/23/2021, 00:00:00	good	38.01667	ET	11.85
Catania	2019-10-15	average	15.07041	IT	37.49223
Rwamagana	2019-07-18	maintenance	30.4347	RW	-1.9487
Narva	2013-03-16	excellent	28.19028	EE	59.37722
Rueil-Malmaison	2017-06-11	maintenance	2.18967	FR	48.8765
Kudus	12/27/2021, 00:00:00	good	110.8405	ID	-6.8048
Andijon	2021-03-09	average	72.34424	UZ	40.78206
Beni	2016-09-24	average	29.47306	CD	0.49113
Sorsogon	01/13/2020, 00:00:00	average	123.99333	PH	12.97389
Kachkanar	06/01/2019, 00:00:00	accep	59.4839	RU	58.7002
Bang Ban	03/12/2018, 00:00:00	average	100.48528	TH	14.37395
Dongfeng	2016-12-09	excellent	125.51176	CN	42.64031
Herblay	03/12/2020, 00:00:00	average	2.1699	FR	48.98994
Puertollano	2014/03/11	building	-4.10734	ES	38.68712
'Ali Sabieh	2015-10-29	average	42.7125	DJ	11.15583
Pune	2015-11-12	maintenance	73.85535	IN	18.51957
Friedberg	14 Feb 2015	excellent	10.98461	DE	48.35693
Woodlawn	2017-11-26	accep	-76.72803	US	39.32288
Amreli	11/01/2014, 00:00:00	building	71.21169	IN	21.59983
Pameungpeuk	2013-05-18	excellent	107.60389	ID	-7.01833
Nonsan	2018-02-01	accep	127.08472	KR	36.20389
Evergreen Park	2016/08/04	excellent	-87.70172	US	41.72059
Aguadilla	03 Feb 2014	building	-67.15407	PR	18.42745
Periyakulam	16 Aug 2019	good	77.54372	IN	10.12268
Kangayam	2014/01/23	accep	77.5609	IN	11.00599
Sillanwali	2017-01-30	accep	72.54064	PK	31.82539
Rafiganj	2014/03/21	average	84.63445	IN	24.81757
Hoogezand	09/10/2013, 00:00:00	average	6.76111	NL	53.16167
Verl	03/30/2022, 00:00:00	accep	8.51667	DE	51.88333
San Gabriel	2017-08-22	accep	-118.10583	US	34.09611
Sungurlu	03/23/2021, 00:00:00	good	34.37389	TR	40.1675
Progreso	2019-08-08	average	-89.66123	MX	21.28306
Sunnyside	17 Aug 2015	average	-120.00865	US	46.32374
Pleasant Prairie	13 May 2017	average	-87.93341	US	42.55308
Dombivli	2019-12-31	building	73.08333	IN	19.21667
Itaperuna	2013-05-23	average	-41.88778	BR	-21.205
Hungund	2013-05-17	average	76.0586	IN	16.06213
Aykhal	06 Aug 2014	maintenance	111.4834	RU	65.93381
Qadirpur Ran	2021-01-21	good	71.67164	PK	30.29184
Sakaraha	06/19/2020, 00:00:00	good	44.53333	MG	-22.9
Progreso	2018/03/06	excellent	-89.66123	MX	21.28306
Kachkanar	2022-01-17	good	59.4839	RU	58.7002
Friedberg	2020-09-06	maintenance	10.98461	DE	48.35693
Stupino	2014/09/22	average	38.07083	RU	54.90083
Beidao	09/23/2015, 00:00:00	accep	105.89333	CN	34.56861
Viradouro	25 Mar 2021	average	-48.29694	BR	-20.87306
Lodwar	2022/02/19	accep	35.59642	KE	3.11988
Okegawa	01/12/2015, 00:00:00	excellent	139.55722	JP	36
Komono	16 Mar 2018	accep	136.51667	JP	35
Fort Washington	2018/05/30	accep	-77.02303	US	38.70734
La Ligua	07/26/2019, 00:00:00	good	-71.23106	CL	-32.45242
Kherson	11/06/2015, 00:00:00	average	32.6178	UA	46.65581
Guapimirim	2020/08/10	maintenance	-42.98194	BR	-22.53722
Nkpor	2016/09/03	good	6.83042	NG	6.15038
Strood	07/25/2016, 00:00:00	good	0.47713	GB	51.39323
Nonoichi	2016/02/14	accep	136.61667	JP	36.53333
Martinsburg	28 Oct 2015	accep	-77.96389	US	39.45621
Rahat	2021-05-08	accep	34.75699	IL	31.39547
Ikalamavony	02/14/2021, 00:00:00	building	46.58333	MG	-21.15
Jagna	2015-09-06	maintenance	124.3697	PH	9.6531
Binnish	17 Jul 2020	good	36.7138	SY	35.95664
Bergama	2021-02-25	good	27.18052	TR	39.12074
Crystal Lake	2015/06/03	excellent	-88.3162	US	42.24113
Chanika	14 Feb 2020	average	38.01667	TZ	-5.41667
Kingston upon Hull	2016/02/28	excellent	-0.33525	GB	53.7446
Nikolayevsk-on-Amure	2020/04/29	accep	140.72287	RU	53.14657
Naro-Fominsk	11 Apr 2019	excellent	36.73307	RU	55.38752
Mardin	2021/01/13	building	40.74357	TR	37.31309
Chiavari	2021-05-22	accep	9.32241	IT	44.31771
Zeitz	2017-10-31	excellent	12.1369	DE	51.04962
Norfolk County	2015-09-12	accep	-80.38297	CA	42.8334
Maasin	06/26/2019, 00:00:00	good	124.84472	PH	10.13361
Cowes	22 Jan 2013	excellent	-1.29772	GB	50.76306
Cebu City	04/16/2013, 00:00:00	excellent	123.89071	PH	10.31672
Otradnyy	05 Feb 2016	accep	51.3452	RU	53.37596
Rutland	2017-04-16	building	-72.97261	US	43.61062
Patnos	2021-09-24	good	42.85693	TR	39.22493
Khairpur Mir‚Äôs	29 Sep 2019	excellent	68.75915	PK	27.52948
Leyland	2013/07/31	accep	-2.68758	GB	53.69786
Alfenas	2014-10-12	good	-45.94722	BR	-21.42917
Amposta	05/29/2014, 00:00:00	average	0.57856	ES	40.70995
Beni Douala	2019-12-10	good	4.08282	DZ	36.61954
Keizer	2014-02-14	accep	-123.02621	US	44.99012
Laguna Niguel	03/06/2019, 00:00:00	average	-117.70755	US	33.52253
Westbury	06/29/2021, 00:00:00	maintenance	-2.1875	GB	51.26
Las Gabias	2013/08/09	average	-3.67029	ES	37.13548
Dharmapuri	2016/11/17	excellent	78.15794	IN	12.1277
Minokamo	2017/05/14	accep	137.02166	JP	35.48199
Strood	08/20/2014, 00:00:00	good	0.47713	GB	51.39323
Nonoichi	2021-09-12	maintenance	136.61667	JP	36.53333
Magomeni	31 Mar 2018	maintenance	39.25	TZ	-6.8
Gates-North Gates	09 Oct 2013	excellent	-77.70066	US	43.16547
Front Royal	06/08/2013, 00:00:00	accep	-78.19444	US	38.91817
Franceville	05/23/2017, 00:00:00	average	13.58357	GA	-1.63333
Valletta	17 Jun 2016	average	14.51472	MT	35.89972
Rixensart	2020/03/10	accep	4.52529	BE	50.71229
Tarakan	2020/12/25	good	117.59152	ID	3.31332
Paredes	27 Jul 2019	maintenance	-8.33147	PT	41.20485
San Bernardo	03 Dec 2021	building	-70.6996	CL	-33.59217
Valletta	2021/12/03	average	14.51472	MT	35.89972
Chillum	2016-09-21	maitennce	-76.99081	US	38.96372
Bua Yai	05/24/2018, 00:00:00	maintenance	102.42587	TH	15.58552
Smolyan	2014/05/26	accep	24.71204	BG	41.57439
Kirchlengern	28 May 2016	building	8.63333	DE	52.2
Nova Kakhovka	02 Dec 2013	good	33.34864	UA	46.75451
Temara	2015/03/05	average	-6.90656	MA	33.92866
Sainte-Catherine	27 Feb 2014	excellent	-73.58248	CA	45.40008
Maliana	2017/07/12	excellent	125.21972	TL	-8.99167
Komono	28 Jun 2014	average	136.51667	JP	35
T‚Äôaebaek	28 Apr 2020	accep	128.9889	KR	37.1759
Tarkwa	11/27/2019, 00:00:00	acceptable	-1.98956	GH	5.30383
Kirchlengern	2019-04-27	average	8.63333	DE	52.2
Privolzhskiy	2016/04/24	maintenance	46.04833	RU	51.40944
Valence	2014/04/08	maitennce	4.8951	FR	44.92801
Saint-Genis-Laval	09/15/2019, 00:00:00	excellent	4.7934	FR	45.69558
Reutlingen	04 Dec 2017	average	9.20427	DE	48.49144
Charlottenburg-Nord	06/10/2018, 00:00:00	maintenance	13.29371	DE	52.53048
Mouscron	2019-05-20	average	3.20639	BE	50.74497
Manjeri	2013-07-21	building	76.11996	IN	11.12018
Lompoc	2019/10/03	accep	-120.45794	US	34.63915
Gronau	2016-03-29	average	7.02238	DE	52.21099
Sukabumi	02 May 2019	excellent	106.92667	ID	-6.91806
Chamba	2018/12/24	good	76.12647	IN	32.55531
Kirchlengern	2013/12/09	average	8.63333	DE	52.2
Privolzhskiy	01/07/2021, 00:00:00	average	46.04833	RU	51.40944
Albufeira	01/04/2020, 00:00:00	accep	-8.2503	PT	37.08819
Yanliang	04 Feb 2015	building	109.22921	CN	34.65918
Rixensart	28 Nov 2012	maintenance	4.52529	BE	50.71229
Sheoganj	2014-06-10	good	73.06784	IN	25.13915
Yenagoa	22 Oct 2020	average	6.26764	NG	4.92675
Hueytown	11 Apr 2014	average	-86.99666	US	33.45122
Marau	31 Aug 2017	accep	-52.2	BR	-28.44917
Bua Yai	2014/11/07	maintenance	102.42587	TH	15.58552
Shaowu	2014/01/12	average	117.4831	CN	27.34089
Ar Ruseris	2014-11-21	excellent	34.3869	SD	11.8659
Kangayam	01 Apr 2017	good	77.5609	IN	11.00599
Teluk Intan	2021-12-10	accep	101.02083	MY	4.02219
Custoias	2017/12/14	good	-7.32097	PT	41.1053
Agrigento	2013-02-13	excellent	13.57661	IT	37.31065
Perugia	2013/05/29	good	12.38878	IT	43.1122
Sukabumi	10/18/2014, 00:00:00	building	106.92667	ID	-6.91806
Inawashiro	23 Sep 2016	maintenance	140.11667	JP	37.56667
Jingzhou	2021/04/13	maintenance	112.19028	CN	30.35028
Boo	12/06/2021, 00:00:00	maintenance	18.28333	SE	59.33333
Sa Dec	01/11/2014, 00:00:00	accep	105.75635	VN	10.29085
Stade	2013/03/22	accep	9.47629	DE	53.59337
Bordj Zemoura	2020/02/28	accep	4.85668	DZ	36.27462
Efon-Alaaye	2018-03-05	average	4.92235	NG	7.65649
Karatsu	2020-12-29	building	129.96972	JP	33.4425
Recodo	2014/04/14	average	121.96361	PH	6.95194
Gavrilov-Yam	2020-04-30	excellent	39.85331	RU	57.30185
Guaraciaba do Norte	2017-06-04	excellent	-40.7475	BR	-4.16694
Norwalk	2014/04/30	average	-82.61573	US	41.24255
Bon Air	2021-03-12	good	-77.55777	US	37.52487
Ushuaia	2018/06/08	excellent	-68.3	AR	-54.8
Beidao	28 Dec 2016	accep	105.89333	CN	34.56861
Kasangulu	10/19/2012, 00:00:00	good	15.16554	CD	-4.5833
Bonoua	2021/08/11	good	-3.59625	CI	5.27247
Guyong	2020/06/10	maintenance	120.97844	PH	14.8361
Iturama	2018-11-17	accep	-50.19556	BR	-19.72806
Udumalaippettai	09/17/2014, 00:00:00	average	77.24779	IN	10.58806
Manjeri	27 Apr 2021	excellent	76.11996	IN	11.12018
Roslavl‚Äô	2020-11-08	excellent	32.86389	RU	53.95278
Progreso	2012-11-25	average	-89.66123	MX	21.28306
Santa Cruz de Barahona	08/08/2015, 00:00:00	building	-71.10077	DO	18.20854
Alipur	2022-09-25	good	70.91106	PK	29.38242
Columbia Heights	04/01/2017, 00:00:00	excellent	-93.263	US	45.0408
Pleasant Prairie	2021/11/26	accep	-87.93341	US	42.55308
Jerada	2019/12/26	good	-2.16	MA	34.31
Cordenons	2013-07-28	good	12.70038	IT	45.9836
San Giuliano Milanese	2022/05/04	good	9.29109	IT	45.39402
La Trinidad	2019/05/03	accep	120.5875	PH	16.455
La Ligua	2018-01-17	accep	-71.23106	CL	-32.45242
Changshu City	2022/06/20	maintenance	120.74221	CN	31.64615
Nowra	05/13/2017, 00:00:00	excellent	150.60036	AU	-34.88422
Mikhaylovka	2013-06-08	accep	43.2379	RU	50.06
Sharypovo	2019-04-26	good	89.20083	RU	55.54028
Jagna	2019/04/14	maintenance	124.3697	PH	9.6531
Chillum	2018-11-02	average	-76.99081	US	38.96372
Carnaxide	2015/09/07	good	-9.24671	PT	38.72706
Honda	29 May 2014	building	-74.73584	CO	5.20856
Chichicastenango	22 Oct 2021	average	-91.11667	GT	14.93333
Ariccia	08/21/2014, 00:00:00	excellent	12.6723	IT	41.72063
Wevelgem	2013/05/23	accep	3.16667	BE	50.8
Crystal Lake	09/29/2014, 00:00:00	excellent	-88.3162	US	42.24113
Palm Desert	2013-11-06	good	-116.37697	US	33.72255
Ambatondrazaka	2022/04/14	average	48.41667	MG	-17.83333
Canavieiras	03/09/2019, 00:00:00	building	-38.94722	BR	-15.675
Bad Honnef	2021/05/16	good	7.2278	DE	50.64336
Woodbridge	2021/09/29	excellent	-74.28459	US	40.5576
Brenham	2022-09-13	excellent	-96.39774	US	30.16688
Ulanhot	11/28/2017, 00:00:00	average	122.08333	CN	46.08333
Yanliang	2016-01-10	good	109.22921	CN	34.65918
Teghra	05/10/2015, 00:00:00	maintenance	85.94001	IN	25.49043
Silvan	04/08/2019, 00:00:00	average	41.00817	TR	38.13708
Redding	2021/09/20	good	-122.39168	US	40.58654
Kherson	2022/04/06	excellent	32.6178	UA	46.65581
Tadmur	2019-05-15	accep	38.28402	SY	34.5624
Covington	2022-07-06	maintenance	-84.50855	US	39.08367
Port of Spain	2013/09/30	accep	-61.51889	TT	10.66668
Chapletown	21 May 2013	average	-1.47217	GB	53.46506
Ehingen	05/21/2017, 00:00:00	maintenance	9.72749	DE	48.28259
Durazno	2015/04/21	good	-56.52361	UY	-33.38056
Talisay	2016/04/10	average	122.9666	PH	10.7375
Coralville	05/20/2016, 00:00:00	maintenance	-91.58045	US	41.6764
Corralillo	2015/09/17	accep	-80.58556	CU	22.98212
Schwalmtal	03/11/2021, 00:00:00	building	6.26667	DE	51.21667
Palm Desert	06 Dec 2014	excellent	-116.37697	US	33.72255
Hrazdan	10 Nov 2013	maintenance	44.7662	AM	40.49748
Leland	11 Feb 2014	accep	-78.04471	US	34.25628
Rangia	2021/03/28	accep	91.61356	IN	26.44931
T‚Äôaebaek	2015/01/14	accep	128.9889	KR	37.1759
Canavieiras	23 Mar 2015	average	-38.94722	BR	-15.675
Le Robert	2013/06/14	maintenance	-60.94228	MQ	14.67751
Tavda	2015-01-22	building	65.27258	RU	58.04254
Kenda	2013-12-09	good	86.51499	IN	23.1959
Andijon	15 Apr 2021	good	72.34424	UZ	40.78206
Hengshui	26 Jul 2022	accep	115.70111	CN	37.73222
Vitebsk	2012/11/27	maintenance	30.2049	BY	55.1904
La Garenne-Colombes	2020/12/31	good	2.2469	FR	48.90472
Yamada	2021-11-15	average	141.95	JP	39.46667
Gajendragarh	2021/08/23	maintenance	75.96976	IN	15.73628
Nidderau	08/23/2019, 00:00:00	average	8.86704	DE	50.23805
Reus	2021/10/21	excellent	1.10687	ES	41.15612
Nowshahr	11/02/2016, 00:00:00	average	51.49621	IR	36.64852
Bhayandar	2021-11-28	average	72.85107	IN	19.30157
Oktyabr‚Äôskiy	2021-09-07	excellent	53.47103	RU	54.48147
Camayenne	2014/03/22	maintenance	-13.68778	GN	9.535
Carnaxide	2013-10-17	maintenance	-9.24671	PT	38.72706
Les Olives	03/27/2020, 00:00:00	building	5.4584	FR	43.32393
Phanat Nikhom	06/25/2020, 00:00:00	good	101.18445	TH	13.44581
Zhuangyuan	04/16/2016, 00:00:00	accep	120.82747	CN	37.30553
Aloha	10/04/2017, 00:00:00	accep	-122.86705	US	45.49428
les Escaldes	2022/02/28	average	1.53414	AD	42.50729
Inverness	2017/11/09	maintenance	-4.22398	GB	57.47908
Ada	14 Jun 2022	accep	-96.67834	US	34.77453
Norfolk County	03/09/2015, 00:00:00	accep	-80.38297	CA	42.8334
Haicheng	2019-03-23	average	122.74754	CN	40.85158
Meizhou	2022-04-20	accep	116.11768	CN	24.28859
Castelfranco Emilia	12 Feb 2015	building	11.04979	IT	44.59445
Kyaikto	08/10/2022, 00:00:00	building	97.01124	MM	17.30858
Mouscron	2014-07-23	good	3.20639	BE	50.74497
Novara	2021/02/01	average	8.62118	IT	45.44694
Wittenau	2018/10/09	good	13.32127	DE	52.59319
Davis	2017-10-03	good	-121.74052	US	38.54491
Charlottetown	08/21/2016, 00:00:00	maintenance	-63.13414	CA	46.23899
El Alia	2019/02/11	excellent	10.03478	TN	37.16911
Hermsdorf	2021-02-08	good	13.31783	DE	52.61131
Losser	2012-11-05	maintenance	7.00417	NL	52.26083
Burscheid	10/13/2017, 00:00:00	accep	7.11393	DE	51.08468
Heyuan	03/10/2013, 00:00:00	building	114.68333	CN	23.73333
Ueno-ebisumachi	22 May 2016	accep	136.13108	JP	34.75856
Barra dos Coqueiros	2019/06/19	excellent	-37.03861	BR	-10.90889
Devizes	01/07/2016, 00:00:00	excellent	-1.99421	GB	51.35084
Goyang-si	12/21/2018, 00:00:00	good	126.835	KR	37.65639
Pleasant Prairie	11/18/2012, 00:00:00	accep	-87.93341	US	42.55308
Hoxtolgay	2019-09-11	accep	86.00214	CN	46.51872
Boumerdas	06/25/2022, 00:00:00	good	3.47717	DZ	36.76639
Otegen Batyra	2012/12/20	good	77.0202	KZ	43.41949
Jalal-Abad	2020-08-26	excellent	73	KG	40.93333
Sector 6	30 Aug 2015	maintenance	26.01649	RO	44.43579
'Ali Sabieh	01/03/2014, 00:00:00	accep	42.7125	DJ	11.15583
Ksar Chellala	2014/10/20	maintenance	2.31889	DZ	35.21222
Resplendor	01/06/2019, 00:00:00	average	-41.25528	BR	-19.32556
Encinitas	17 Jun 2014	average	-117.29198	US	33.03699
Sonzacate	2013-04-21	average	-89.71472	SV	13.73417
Lakota	2014-01-11	average	-5.682	CI	5.84752
Lino Lakes	2017-03-10	good	-93.08883	US	45.16024
Heyuan	2018/08/08	average	114.68333	CN	23.73333
Zeist	07 Jan 2015	good	5.23333	NL	52.09
Bobigny	20 Aug 2018	excellent	2.45012	FR	48.90982
Fayetteville	2013/09/03	excellent	-78.87836	US	35.05266
Contla	09/06/2014, 00:00:00	excellent	-98.1664	MX	19.32932
Jerada	2016-07-31	average	-2.16	MA	34.31
Yunguyo	12/12/2014, 00:00:00	good	-69.08333	PE	-16.25
Nyangao	2016-09-18	maintenance	39.28333	TZ	-10.33333
Jaruco	2017/08/09	average	-82.00919	CU	23.04419
Alytus	07 Nov 2021	excellent	24.04142	LT	54.39635
Oaxaca	2019-08-24	average	-96.72365	MX	17.06542
Bogovinje	2021/11/15	excellent	20.91361	MK	41.92361
Hudiksvall	21 Apr 2022	good	17.10558	SE	61.72744
Niort	2015/07/10	accep	-0.45877	FR	46.32313
Mikhaylovka	06/06/2018, 00:00:00	excellent	43.2379	RU	50.06
Leyland	2022-05-25	maitennce	-2.68758	GB	53.69786
Okegawa	07/04/2017, 00:00:00	average	139.55722	JP	36
Kireyevsk	2014/01/05	good	37.92792	RU	53.93361
Toba	2017/08/19	average	136.84186	JP	34.4833
Malakhovka	2018-08-04	accep	38.02486	RU	55.64776
Danilov	09/10/2013, 00:00:00	excellent	40.17171	RU	58.1908
Milledgeville	11/03/2014, 00:00:00	acceptable	-83.2321	US	33.08014
Inverness	2013/09/26	average	-4.22398	GB	57.47908
Pahrump	2016/03/05	excellent	-115.98391	US	36.20829
Gorakhpur	29 Nov 2020	building	83.36889	IN	26.76628
Buri	11/28/2013, 00:00:00	excellent	-48.59278	BR	-23.7975
An Muileann gCearr	23 Jan 2021	good	-7.35	IE	53.53333
Canton	10/30/2016, 00:00:00	average	-83.48216	US	42.30865
Trossingen	03 Sep 2013	good	8.64409	DE	48.07667
Port-Vila	08 Oct 2020	good	168.31366	VU	-17.73648
Naro-Fominsk	2020-04-29	average	36.73307	RU	55.38752
Tadmur	09 Jul 2013	maintenance	38.28402	SY	34.5624
Bourbonnais	2017-07-31	average	-87.88754	US	41.15376
Alwaye	04/12/2015, 00:00:00	maintenance	76.35484	IN	10.10649
Rajaori	2016-05-21	excellent	74.3092	IN	33.37526
Cavaillon	03/13/2014, 00:00:00	accep	5.03586	FR	43.83125
Pingyi	19 Jul 2017	excellent	117.63083	CN	35.50056
Magong	2015-07-04	good	119.58627	TW	23.5654
La Victoria	04/14/2022, 00:00:00	accep	-67.33122	VE	10.22677
Khairpur Mir‚Äôs	2022-08-23	maitennce	68.75915	PK	27.52948
Ada	2019-06-11	building	-96.67834	US	34.77453
Jagna	02/23/2015, 00:00:00	good	124.3697	PH	9.6531
Acayucan	10/12/2020, 00:00:00	average	-94.91386	MX	17.94979
Otegen Batyra	2021/12/29	good	77.0202	KZ	43.41949
Porterville	13 Feb 2014	maintenance	-119.01677	US	36.06523
Gorgonzola	27 Sep 2022	maintenance	9.40531	IT	45.53069
Marau	02/10/2021, 00:00:00	average	-52.2	BR	-28.44917
Jumilla	2021-09-10	building	-1.325	ES	38.47917
Ilopango	2020/04/23	excellent	-89.10944	SV	13.70167
Zgorzelec	2019/06/04	good	15.00835	PL	51.14942
New Kingston	2022/07/21	building	-76.78319	JM	18.00747
Iturama	2014-08-10	good	-50.19556	BR	-19.72806
Saint-Denis	2022-09-09	accep	55.4504	RE	-20.88231
Privolzhskiy	2021-11-16	excellent	46.04833	RU	51.40944
Gisborne	2019-04-20	average	178.00417	NZ	-38.65333
Oulmes	02/28/2015, 00:00:00	good	-6.00137	MA	33.42585
Tonota	2022/08/12	good	27.46153	BW	-21.44236
Temse	04 Jun 2017	excellent	4.21372	BE	51.12794
Timaru	27 Jun 2022	accep	171.25364	NZ	-44.39672
Ferrol	2020-04-28	accep	-8.2194	ES	43.48961
Port of Spain	04/01/2020, 00:00:00	accep	-61.51889	TT	10.66668
Gaya	01 Aug 2021	accep	9.0027	NG	11.86064
Soledade	2022-07-03	building	-52.51028	BR	-28.81833
Tebingtinggi	2022-04-22	average	99.1625	ID	3.3285
Polohy	2013/04/15	accep	36.25361	UA	47.48444
Gudermes	18 Nov 2014	average	46.10925	RU	43.35071
Coralville	2013-04-12	average	-91.58045	US	41.6764
Jalal-Abad	2013/10/08	good	73	KG	40.93333
Zhoucun	23 Feb 2021	good	117.81667	CN	36.81667
Periyakulam	04 Oct 2013	average	77.54372	IN	10.12268
Liberia	2021-07-15	excellent	-85.43772	CR	10.63504
Woodlawn	04/29/2014, 00:00:00	maintenance	-76.72803	US	39.32288
Talavera de la Reina	18 Mar 2014	good	-4.83076	ES	39.96348
Robertsonpet	03/12/2017, 00:00:00	average	78.27539	IN	12.95629
Sishui	2020-08-08	accep	117.27583	CN	35.64889
Petrozavodsk	22 Aug 2018	maintenance	34.34691	RU	61.78491
Kallio	08/18/2018, 00:00:00	accep	24.95034	FI	60.18427
Teluk Intan	10/25/2020, 00:00:00	average	101.02083	MY	4.02219
Visitacion Valley	03/11/2013, 00:00:00	excellent	-122.40433	US	37.71715
Guanajuato	2018/09/06	maintenance	-101.2591	MX	21.01858
La Ligua	24 Apr 2021	average	-71.23106	CL	-32.45242
Paredes	2016/08/24	acceptable	-8.33147	PT	41.20485
Paidha	04/18/2019, 00:00:00	good	30.98551	UG	2.41669
Nonsan	2019/07/04	good	127.08472	KR	36.20389
Middle River	2018/04/06	building	-76.43941	US	39.33427
Zacoalco de Torres	18 Jan 2018	good	-103.5687	MX	20.22816
Ueno-ebisumachi	02/05/2013, 00:00:00	good	136.13108	JP	34.75856
Amreli	24 Nov 2016	building	71.21169	IN	21.59983
Barmbek-Nord	14 Oct 2012	good	10.03988	DE	53.6052
Naushahra Virkan	2022/03/04	maintenance	73.97117	PK	31.96258
Gorgonzola	2014-07-24	good	9.40531	IT	45.53069
Dipolog	2019-12-07	accep	123.33471	PH	8.56697
Misterbianco	2021/01/24	accep	15.00913	IT	37.51803
Wittenau	2014/02/21	maintenance	13.32127	DE	52.59319
Ariccia	17 Dec 2020	excellent	12.6723	IT	41.72063
Sojat	2019/05/02	building	73.66633	IN	25.92493
Middle River	04 Sep 2016	excellent	-76.43941	US	39.33427
Hlohovec	04/16/2021, 00:00:00	accep	17.8031	SK	48.43174
Jingzhou	2015/10/13	accep	112.19028	CN	30.35028
Mampong	2017/12/07	excellent	-1.4001	GH	7.06273
Solntsevo	2019/01/05	maintenance	37.38115	RU	55.63711
Charlottenburg-Nord	2015/06/13	average	13.29371	DE	52.53048
Marburg an der Lahn	10/21/2019, 00:00:00	building	8.77069	DE	50.80904
Belle Glade	02 Jan 2016	good	-80.66756	US	26.68451
Uran	01/16/2015, 00:00:00	good	72.93924	IN	18.87813
Dobrush	18 Jan 2016	good	31.3237	BY	52.4089
Pahrump	05/10/2016, 00:00:00	good	-115.98391	US	36.20829
Walton-on-the-Naze	2018-12-12	excellent	1.26738	GB	51.84819
Scotch Plains	03/02/2022, 00:00:00	excellent	-74.38987	US	40.65538
Porterville	14 May 2017	accep	-119.01677	US	36.06523
Scarsdale	2020/05/28	excellent	-73.78458	US	41.0051
Yauco	09/08/2021, 00:00:00	excellent	-66.8499	PR	18.03496
Artsyz	2013-07-13	excellent	29.41824	UA	45.99194
Marau	2016/08/20	good	-52.2	BR	-28.44917
Dehiwala-Mount Lavinia	2017-11-17	average	79.87116	LK	6.84019
Ariccia	01/23/2017, 00:00:00	average	12.6723	IT	41.72063
Arles	2014-10-18	accep	4.63031	FR	43.67681
Pleasant Prairie	2013-03-31	excellent	-87.93341	US	42.55308
Ina	2018-08-10	average	137.95378	JP	35.82756
Murray	11 Aug 2021	good	-88.31476	US	36.61033
Yonkers	2013/08/02	good	-73.89875	US	40.93121
Salvatierra	02/02/2015, 00:00:00	building	-100.88023	MX	20.21322
Kanganpur	2017-09-25	average	74.12286	PK	30.76468
Debre Tabor	2018-02-06	good	38.01667	ET	11.85
Rixensart	2019-10-29	excellent	4.52529	BE	50.71229
Jizzax	09/04/2013, 00:00:00	accep	67.84222	UZ	40.11583
Alexandria	12/31/2020, 00:00:00	average	29.91582	EG	31.20176
Novara	2016-07-29	good	8.62118	IT	45.44694
Maspalomas	2021-08-27	accep	-15.58602	ES	27.76056
Middletown	26 Mar 2018	good	-71.29144	US	41.54566
La Ligua	06/10/2019, 00:00:00	average	-71.23106	CL	-32.45242
Oberhausen	2015/10/14	accep	6.8625	DE	51.47805
High Wycombe	2018-09-08	good	-0.74934	GB	51.62907
Tebingtinggi	11 Nov 2018	building	99.1625	ID	3.3285
Yashkino	09/08/2022, 00:00:00	accep	85.4265	RU	55.8736
Deoli	04/17/2019, 00:00:00	accep	75.37991	IN	25.75728
Annaka	2013-02-15	accep	138.89585	JP	36.33011
Talence	2019/11/02	good	-0.59543	FR	44.80477
Bang Ban	2015/04/21	building	100.48528	TH	14.37395
Kediri	27 Jul 2014	good	112.01667	ID	-7.81667
Soure	12/28/2017, 00:00:00	accep	-48.52333	BR	-0.71667
Aguadilla	29 Aug 2014	building	-67.15407	PR	18.42745
Boyeros	2017-11-23	accep	-82.4017	CU	23.0072
Kahului	08/21/2019, 00:00:00	good	-156.47432	US	20.88953
Nanpiao	2013/07/27	excellent	120.74792	CN	41.09822
Dongfeng	10 Sep 2021	building	125.51176	CN	42.64031
Lesozavodsk	2019/09/04	average	133.42825	RU	45.47885
Varadero	2022-05-08	accep	-81.24441	CU	23.15678
Durazno	17 Sep 2014	building	-56.52361	UY	-33.38056
Ariccia	2021-04-17	excellent	12.6723	IT	41.72063
Charlottetown	04/23/2016, 00:00:00	excellent	-63.13414	CA	46.23899
Clermont	2015-11-14	accep	-81.77285	US	28.54944
Deltona	2022-09-24	average	-81.26367	US	28.90054
Aguilares	2016/04/16	accep	-65.61427	AR	-27.4338
Olupona	2014-11-07	good	4.18333	NG	7.6
Media Luna	2022/07/07	excellent	-77.43532	CU	20.14298
Chillum	2019-08-29	building	-76.99081	US	38.96372
Casa Blanca	2020/05/30	accep	-98.11889	MX	19.04222
Griffith	2020-10-14	building	146.05093	AU	-34.28853
Glendale	10/12/2018, 00:00:00	excellent	-118.25508	US	34.14251
Rangia	2015/01/31	average	91.61356	IN	26.44931
Gaya	10 Oct 2012	excellent	9.0027	NG	11.86064
Sungurlu	03 Feb 2018	accep	34.37389	TR	40.1675
Shushary	2014/09/09	excellent	30.38167	RU	59.80917
Shahre Jadide Andisheh	2022/01/14	good	51.0193	IR	35.6803
Baulkham Hills	2014-02-28	accep	150.99292	AU	-33.75881
Diamond Harbour	03/08/2019, 00:00:00	average	88.18466	IN	22.19303
Burscheid	2022/03/07	accep	7.11393	DE	51.08468
Le Robert	06/28/2016, 00:00:00	average	-60.94228	MQ	14.67751
Baza	20 Oct 2017	maintenance	-2.77259	ES	37.49073
Lower Earley	2019/06/14	excellent	-0.91979	GB	51.42708
Bushey	11/22/2012, 00:00:00	average	-0.36053	GB	51.64316
Harstad	2015/06/22	average	16.54165	NO	68.79833
Bushey	2017-10-11	accep	-0.36053	GB	51.64316
Pahrump	2015-07-21	maintenance	-115.98391	US	36.20829
Saint-Genis-Laval	06/18/2021, 00:00:00	accep	4.7934	FR	45.69558
Jaruco	04 Apr 2021	accep	-82.00919	CU	23.04419
